Neighbor_Word,Similarity,Target_Word,Period,Model_Type,Rank
arkansas,0.7102963924407959,terrorism,1851-1900,CBOW,1
fair_election,0.5933595895767212,terrorism,1851-1900,CBOW,2
review,0.5924885869026184,terrorism,1851-1900,CBOW,3
georgia_alabama,0.5750716328620911,terrorism,1851-1900,CBOW,4
jackson_miss,0.5421245694160461,terrorism,1851-1900,CBOW,5
alabama_arkansas,0.5352535843849182,terrorism,1851-1900,CBOW,6
overt_act,0.5238479375839233,terrorism,1851-1900,CBOW,7
louisiana_mississippi,0.5217914581298828,terrorism,1851-1900,CBOW,8
ringleader,0.5009317398071289,terrorism,1851-1900,CBOW,9
incorrect,0.48469364643096924,terrorism,1851-1900,CBOW,10
secessionist,0.48330816626548767,terrorism,1851-1900,CBOW,11
representatives,0.4826173484325409,terrorism,1851-1900,CBOW,12
secede,0.47971880435943604,terrorism,1851-1900,CBOW,13
pal_proquest_historical,0.4782385230064392,terrorism,1851-1900,CBOW,14
florida,0.4755781590938568,terrorism,1851-1900,CBOW,15
congressional_district,0.46955496072769165,terrorism,1851-1900,CBOW,16
essence,0.4664296805858612,terrorism,1851-1900,CBOW,17
interference,0.46610915660858154,terrorism,1851-1900,CBOW,18
enfranchise,0.46601933240890503,terrorism,1851-1900,CBOW,19
ratio,0.4628809988498688,terrorism,1851-1900,CBOW,20
supposition,0.4625948369503021,terrorism,1851-1900,CBOW,21
adams,0.461020290851593,terrorism,1851-1900,CBOW,22
slaveholding,0.4568282961845398,terrorism,1851-1900,CBOW,23
civil_right,0.4534796476364136,terrorism,1851-1900,CBOW,24
maryland_virginia,0.45332270860671997,terrorism,1851-1900,CBOW,25
brigandage,0.531630277633667,terrorist,1851-1900,CBOW,1
brute_force,0.5103974342346191,terrorist,1851-1900,CBOW,2
reign_terror,0.5081778168678284,terrorist,1851-1900,CBOW,3
mississippi_louisiana,0.5015819072723389,terrorist,1851-1900,CBOW,4
ostracism,0.48644307255744934,terrorist,1851-1900,CBOW,5
carnival,0.48145580291748047,terrorist,1851-1900,CBOW,6
notoriously,0.4780026376247406,terrorist,1851-1900,CBOW,7
atrocity,0.4764389991760254,terrorist,1851-1900,CBOW,8
terrorise,0.4746331572532654,terrorist,1851-1900,CBOW,9
pressure,0.4737395644187927,terrorist,1851-1900,CBOW,10
australian,0.47323542833328247,terrorist,1851-1900,CBOW,11
grind,0.468699187040329,terrorist,1851-1900,CBOW,12
stony_follow,0.46712127327919006,terrorist,1851-1900,CBOW,13
dread,0.4645382761955261,terrorist,1851-1900,CBOW,14
conspiracy,0.4612817168235779,terrorist,1851-1900,CBOW,15
lawless,0.45438024401664734,terrorist,1851-1900,CBOW,16
incredulity,0.4525056481361389,terrorist,1851-1900,CBOW,17
illegal,0.45209836959838867,terrorist,1851-1900,CBOW,18
repression,0.4506714940071106,terrorist,1851-1900,CBOW,19
violence_intimidation,0.45017415285110474,terrorist,1851-1900,CBOW,20
originality,0.4450780153274536,terrorist,1851-1900,CBOW,21
sympathizer,0.44506677985191345,terrorist,1851-1900,CBOW,22
viii,0.4424711763858795,terrorist,1851-1900,CBOW,23
patronage,0.4405142068862915,terrorist,1851-1900,CBOW,24
tyrannical,0.4381755292415619,terrorist,1851-1900,CBOW,25
louisiana_south_carolina,0.6037494540214539,terrorism,1851-1900,SkipGram,1
alabama_arkansas,0.5996379852294922,terrorism,1851-1900,SkipGram,2
unauthorized,0.5932134389877319,terrorism,1851-1900,SkipGram,3
arkansas,0.5857910513877869,terrorism,1851-1900,SkipGram,4
louisiana_mississippi,0.5849815011024475,terrorism,1851-1900,SkipGram,5
constitutional_convention,0.5796948075294495,terrorism,1851-1900,SkipGram,6
georgia_alabama,0.5787851810455322,terrorism,1851-1900,SkipGram,7
south_carolina,0.5745632648468018,terrorism,1851-1900,SkipGram,8
mississippi_louisiana,0.5701320767402649,terrorism,1851-1900,SkipGram,9
alabama,0.5628122687339783,terrorism,1851-1900,SkipGram,10
rider,0.5496662855148315,terrorism,1851-1900,SkipGram,11
vain,0.5400434732437134,terrorism,1851-1900,SkipGram,12
populist,0.5359886884689331,terrorism,1851-1900,SkipGram,13
nullify,0.5327316522598267,terrorism,1851-1900,SkipGram,14
democrats,0.5315634608268738,terrorism,1851-1900,SkipGram,15
perpetrate,0.5268938541412354,terrorism,1851-1900,SkipGram,16
sill,0.5247751474380493,terrorism,1851-1900,SkipGram,17
speedily,0.5239269137382507,terrorism,1851-1900,SkipGram,18
extremely_difficult,0.5227826833724976,terrorism,1851-1900,SkipGram,19
disgraceful,0.522774875164032,terrorism,1851-1900,SkipGram,20
tranquil,0.5219441056251526,terrorism,1851-1900,SkipGram,21
import,0.5213860869407654,terrorism,1851-1900,SkipGram,22
mississippi,0.521278440952301,terrorism,1851-1900,SkipGram,23
color_voter,0.5210544466972351,terrorism,1851-1900,SkipGram,24
fair_election,0.5206196904182434,terrorism,1851-1900,SkipGram,25
intimidation,0.7290250062942505,terrorist,1851-1900,SkipGram,1
exercise,0.6854044198989868,terrorist,1851-1900,SkipGram,2
violence,0.6613060832023621,terrorist,1851-1900,SkipGram,3
irresponsible,0.6310320496559143,terrorist,1851-1900,SkipGram,4
brigandage,0.6122757196426392,terrorist,1851-1900,SkipGram,5
systematic,0.6066519618034363,terrorist,1851-1900,SkipGram,6
violence_intimidation,0.6036780476570129,terrorist,1851-1900,SkipGram,7
fraud,0.6033803224563599,terrorist,1851-1900,SkipGram,8
wholesale,0.6019083261489868,terrorist,1851-1900,SkipGram,9
outrage,0.5984101295471191,terrorist,1851-1900,SkipGram,10
resorted,0.5964127779006958,terrorist,1851-1900,SkipGram,11
proscription,0.5900700688362122,terrorist,1851-1900,SkipGram,12
terrorise,0.5883780121803284,terrorist,1851-1900,SkipGram,13
ferocious,0.5826138854026794,terrorist,1851-1900,SkipGram,14
corrupt_influence,0.580043375492096,terrorist,1851-1900,SkipGram,15
frenzy,0.5741563439369202,terrorist,1851-1900,SkipGram,16
practice,0.5740801692008972,terrorist,1851-1900,SkipGram,17
reign,0.5720446705818176,terrorist,1851-1900,SkipGram,18
mississippi_louisiana,0.5706603527069092,terrorist,1851-1900,SkipGram,19
riot_tumult,0.567875862121582,terrorist,1851-1900,SkipGram,20
system,0.5678606629371643,terrorist,1851-1900,SkipGram,21
terror,0.5655079483985901,terrorist,1851-1900,SkipGram,22
thrive,0.5612843632698059,terrorist,1851-1900,SkipGram,23
lawless,0.5591000318527222,terrorist,1851-1900,SkipGram,24
illegal,0.5587813854217529,terrorist,1851-1900,SkipGram,25
social_revolutionist,0.7818499207496643,terrorism,1901-1930,CBOW,1
unionist,0.7434462308883667,terrorism,1901-1930,CBOW,2
socialist_revolutionary,0.7419360876083374,terrorism,1901-1930,CBOW,3
sofia,0.7386133670806885,terrorism,1901-1930,CBOW,4
bulgar,0.7382378578186035,terrorism,1901-1930,CBOW,5
social_revolutionary,0.7368457317352295,terrorism,1901-1930,CBOW,6
social_revolutionists,0.7362929582595825,terrorism,1901-1930,CBOW,7
outlaw,0.7355784177780151,terrorism,1901-1930,CBOW,8
madrid,0.732466995716095,terrorism,1901-1930,CBOW,9
denounce,0.732086718082428,terrorism,1901-1930,CBOW,10
sympathizer,0.7228062748908997,terrorism,1901-1930,CBOW,11
miners,0.7210030555725098,terrorism,1901-1930,CBOW,12
chamber_deputy,0.7149117588996887,terrorism,1901-1930,CBOW,13
form_cabinet,0.7113021612167358,terrorism,1901-1930,CBOW,14
proclamation,0.7091423273086548,terrorism,1901-1930,CBOW,15
king_alexander,0.7053521871566772,terrorism,1901-1930,CBOW,16
noblemen,0.7049910426139832,terrorism,1901-1930,CBOW,17
labor_party,0.7043857574462891,terrorism,1901-1930,CBOW,18
indignation,0.7038403153419495,terrorism,1901-1930,CBOW,19
nikolai,0.7026891112327576,terrorism,1901-1930,CBOW,20
organ,0.699357807636261,terrorism,1901-1930,CBOW,21
provisional_government,0.6986223459243774,terrorism,1901-1930,CBOW,22
refuse_recognize,0.6958791613578796,terrorism,1901-1930,CBOW,23
delhi,0.6954640746116638,terrorism,1901-1930,CBOW,24
political_opponent,0.694035530090332,terrorism,1901-1930,CBOW,25
assassination,0.6030130982398987,terrorist,1901-1930,CBOW,1
violence,0.5929114818572998,terrorist,1901-1930,CBOW,2
repression,0.5786482095718384,terrorist,1901-1930,CBOW,3
outrage,0.5754290223121643,terrorist,1901-1930,CBOW,4
terrorism,0.558302640914917,terrorist,1901-1930,CBOW,5
wholesale,0.5444650650024414,terrorist,1901-1930,CBOW,6
intimidation,0.5313364863395691,terrorist,1901-1930,CBOW,7
sabotage,0.5313192009925842,terrorist,1901-1930,CBOW,8
inaugurate,0.529769241809845,terrorist,1901-1930,CBOW,9
reprisal,0.5262359976768494,terrorist,1901-1930,CBOW,10
terror,0.520987331867218,terrorist,1901-1930,CBOW,11
tyranny,0.5187933444976807,terrorist,1901-1930,CBOW,12
vengeance,0.5062716007232666,terrorist,1901-1930,CBOW,13
disguise,0.5052092671394348,terrorist,1901-1930,CBOW,14
retaliation,0.4938797950744629,terrorist,1901-1930,CBOW,15
desperate,0.49328845739364624,terrorist,1901-1930,CBOW,16
reign_terror,0.4918791651725769,terrorist,1901-1930,CBOW,17
brutal,0.48901137709617615,terrorist,1901-1930,CBOW,18
night_rider,0.4889453947544098,terrorist,1901-1930,CBOW,19
resort,0.4867122173309326,terrorist,1901-1930,CBOW,20
ruthless,0.48565131425857544,terrorist,1901-1930,CBOW,21
conspiracy,0.4791457951068878,terrorist,1901-1930,CBOW,22
illegal,0.47741520404815674,terrorist,1901-1930,CBOW,23
act_violence,0.4743339419364929,terrorist,1901-1930,CBOW,24
attempt,0.47399619221687317,terrorist,1901-1930,CBOW,25
bulgar,0.5738012790679932,terrorism,1901-1930,SkipGram,1
russian_revolutionists,0.5659400224685669,terrorism,1901-1930,SkipGram,2
walsh,0.5652458071708679,terrorism,1901-1930,SkipGram,3
reich,0.5531299710273743,terrorism,1901-1930,SkipGram,4
forgery,0.5510987639427185,terrorism,1901-1930,SkipGram,5
trial_jury,0.5244924426078796,terrorism,1901-1930,SkipGram,6
equally_responsible,0.5225169658660889,terrorism,1901-1930,SkipGram,7
miners,0.5097891092300415,terrorism,1901-1930,SkipGram,8
terrorist,0.5091449618339539,terrorism,1901-1930,SkipGram,9
secret_agent,0.5064780712127686,terrorism,1901-1930,SkipGram,10
duel,0.49226275086402893,terrorism,1901-1930,SkipGram,11
progress_toward,0.4914087653160095,terrorism,1901-1930,SkipGram,12
ruthlessness,0.487326443195343,terrorism,1901-1930,SkipGram,13
passive_resistance,0.4845876097679138,terrorism,1901-1930,SkipGram,14
canton,0.48124250769615173,terrorism,1901-1930,SkipGram,15
palatinate,0.4784599840641022,terrorism,1901-1930,SkipGram,16
terrorist_activity,0.4776086211204529,terrorism,1901-1930,SkipGram,17
warsaw_dispatch,0.47630032896995544,terrorism,1901-1930,SkipGram,18
deny,0.4754870533943176,terrorism,1901-1930,SkipGram,19
uneasiness,0.47514820098876953,terrorism,1901-1930,SkipGram,20
lender,0.4721791744232178,terrorism,1901-1930,SkipGram,21
class_hit_dig_proquest,0.4717938005924225,terrorism,1901-1930,SkipGram,22
political_opponent,0.4710066020488739,terrorism,1901-1930,SkipGram,23
offer_reward,0.47020667791366577,terrorism,1901-1930,SkipGram,24
political_prisoner,0.46962592005729675,terrorism,1901-1930,SkipGram,25
perpetrate,0.6014890074729919,terrorist,1901-1930,SkipGram,1
factory_worker,0.5895549058914185,terrorist,1901-1930,SkipGram,2
vindication,0.5766310095787048,terrorist,1901-1930,SkipGram,3
callous,0.572348415851593,terrorist,1901-1930,SkipGram,4
violence,0.5575718283653259,terrorist,1901-1930,SkipGram,5
become_aware,0.555889904499054,terrorist,1901-1930,SkipGram,6
cowardly,0.5546064972877502,terrorist,1901-1930,SkipGram,7
political_persecution,0.55399489402771,terrorist,1901-1930,SkipGram,8
ruthlessness,0.5516947507858276,terrorist,1901-1930,SkipGram,9
pitiless,0.5508373379707336,terrorist,1901-1930,SkipGram,10
wholesale_murder,0.5503268837928772,terrorist,1901-1930,SkipGram,11
wickedness,0.5485049486160278,terrorist,1901-1930,SkipGram,12
wholesale_execution,0.5406714677810669,terrorist,1901-1930,SkipGram,13
slayer,0.5388115048408508,terrorist,1901-1930,SkipGram,14
trial_jury,0.5381568670272827,terrorist,1901-1930,SkipGram,15
shrink,0.5371900796890259,terrorist,1901-1930,SkipGram,16
intimidate,0.5358219146728516,terrorist,1901-1930,SkipGram,17
culmination,0.535620927810669,terrorist,1901-1930,SkipGram,18
perpetuate,0.5352768898010254,terrorist,1901-1930,SkipGram,19
net_result,0.5340348482131958,terrorist,1901-1930,SkipGram,20
outrage,0.5338437557220459,terrorist,1901-1930,SkipGram,21
reign_terror,0.5300942063331604,terrorist,1901-1930,SkipGram,22
misdeed,0.5289797782897949,terrorist,1901-1930,SkipGram,23
knife,0.5289178490638733,terrorist,1901-1930,SkipGram,24
blackmail,0.5279942154884338,terrorist,1901-1930,SkipGram,25
tireless_york_times_dig,0.784055769443512,terrorism,1931-1950,CBOW,1
york_times_dig_proquest,0.755090057849884,terrorism,1931-1950,CBOW,2
bombing,0.7357372641563416,terrorism,1931-1950,CBOW,3
table_york_times,0.7149882912635803,terrorism,1931-1950,CBOW,4
nazis,0.709294319152832,terrorism,1931-1950,CBOW,5
nazi,0.6902220249176025,terrorism,1931-1950,CBOW,6
jews,0.6823848485946655,terrorism,1931-1950,CBOW,7
reich,0.6537893414497375,terrorism,1931-1950,CBOW,8
pact,0.6494322419166565,terrorism,1931-1950,CBOW,9
seizure,0.6419893503189087,terrorism,1931-1950,CBOW,10
zionist,0.6152303814888,terrorism,1931-1950,CBOW,11
jews_palestine,0.612468421459198,terrorism,1931-1950,CBOW,12
zionism,0.608053982257843,terrorism,1931-1950,CBOW,13
coup,0.6074175834655762,terrorism,1931-1950,CBOW,14
issue_manifesto,0.6068767309188843,terrorism,1931-1950,CBOW,15
terror,0.5954936146736145,terrorism,1931-1950,CBOW,16
spain,0.5913060307502747,terrorism,1931-1950,CBOW,17
riot,0.5900400876998901,terrorism,1931-1950,CBOW,18
class_hit_dig_proquest,0.5879993438720703,terrorism,1931-1950,CBOW,19
stockholm_sweden,0.5873496532440186,terrorism,1931-1950,CBOW,20
malaya,0.5837408304214478,terrorism,1931-1950,CBOW,21
tireless_yore,0.5812472105026245,terrorism,1931-1950,CBOW,22
holy_war,0.5798954963684082,terrorism,1931-1950,CBOW,23
belgrade_dig,0.573064923286438,terrorism,1931-1950,CBOW,24
proquest_historical_palestine,0.5696040391921997,terrorism,1931-1950,CBOW,25
terrorist_activity,0.638643741607666,terrorist,1931-1950,CBOW,1
terrorist_organization,0.5711917281150818,terrorist,1931-1950,CBOW,2
outrage,0.5677041411399841,terrorist,1931-1950,CBOW,3
act_violence,0.5613458156585693,terrorist,1931-1950,CBOW,4
terror,0.5425292253494263,terrorist,1931-1950,CBOW,5
disorder,0.5375791788101196,terrorist,1931-1950,CBOW,6
lawless,0.5351269841194153,terrorist,1931-1950,CBOW,7
terrorist_attack,0.5292031168937683,terrorist,1931-1950,CBOW,8
violence,0.524942934513092,terrorist,1931-1950,CBOW,9
underground_organization,0.5193906426429749,terrorist,1931-1950,CBOW,10
agitation,0.5171796083450317,terrorist,1931-1950,CBOW,11
extremist,0.5163753032684326,terrorist,1931-1950,CBOW,12
instigator,0.4756706953048706,terrorist,1931-1950,CBOW,13
resistance_movement,0.47260189056396484,terrorist,1931-1950,CBOW,14
brigandage,0.4723617434501648,terrorist,1931-1950,CBOW,15
assassination,0.4692849814891815,terrorist,1931-1950,CBOW,16
instigate,0.4671228229999542,terrorist,1931-1950,CBOW,17
senseless,0.4605658948421478,terrorist,1931-1950,CBOW,18
intensify,0.46027615666389465,terrorist,1931-1950,CBOW,19
reign_terror,0.4600861370563507,terrorist,1931-1950,CBOW,20
killing,0.4596395492553711,terrorist,1931-1950,CBOW,21
kidnapping,0.45879021286964417,terrorist,1931-1950,CBOW,22
abduction,0.4579721689224243,terrorist,1931-1950,CBOW,23
reprisal,0.45672568678855896,terrorist,1931-1950,CBOW,24
underground,0.4560090899467468,terrorist,1931-1950,CBOW,25
table_york_times,0.5937907099723816,terrorism,1931-1950,SkipGram,1
york_times_dig_proquest,0.56206876039505,terrorism,1931-1950,SkipGram,2
tireless_york_times_dig,0.5580950379371643,terrorism,1931-1950,SkipGram,3
proquest_historical_arabs,0.5482362508773804,terrorism,1931-1950,SkipGram,4
bombing,0.533248245716095,terrorism,1931-1950,SkipGram,5
nazis,0.5233299732208252,terrorism,1931-1950,SkipGram,6
pact,0.5193305611610413,terrorism,1931-1950,SkipGram,7
argentine,0.5142151117324829,terrorism,1931-1950,SkipGram,8
zionism,0.5064675211906433,terrorism,1931-1950,SkipGram,9
class_hit_dig_proquest,0.5033591389656067,terrorism,1931-1950,SkipGram,10
terrorist,0.49938133358955383,terrorism,1931-1950,SkipGram,11
eden,0.48062682151794434,terrorism,1931-1950,SkipGram,12
associate_dress_dig_proquest,0.4787103235721588,terrorism,1931-1950,SkipGram,13
balk,0.4762671887874603,terrorism,1931-1950,SkipGram,14
weir,0.4726318418979645,terrorism,1931-1950,SkipGram,15
special_tre,0.46816930174827576,terrorism,1931-1950,SkipGram,16
riot,0.46696290373802185,terrorism,1931-1950,SkipGram,17
bulgarian,0.4624575078487396,terrorism,1931-1950,SkipGram,18
bomb_blast,0.4597013294696808,terrorism,1931-1950,SkipGram,19
smuggling,0.4569983184337616,terrorism,1931-1950,SkipGram,20
jews_palestine,0.4558728039264679,terrorism,1931-1950,SkipGram,21
beating,0.4538968503475189,terrorism,1931-1950,SkipGram,22
terrorize,0.4524818956851959,terrorism,1931-1950,SkipGram,23
laval,0.45203614234924316,terrorism,1931-1950,SkipGram,24
textile_strike,0.4502815306186676,terrorism,1931-1950,SkipGram,25
assassination_attempt,0.7083346843719482,terrorist,1931-1950,SkipGram,1
recrudescence,0.6774725914001465,terrorist,1931-1950,SkipGram,2
unionist_militia,0.6724235415458679,terrorist,1931-1950,SkipGram,3
wave_violence,0.6714759469032288,terrorist,1931-1950,SkipGram,4
republican_army,0.6668447852134705,terrorist,1931-1950,SkipGram,5
mediator_palestine,0.6594237685203552,terrorist,1931-1950,SkipGram,6
crackdown,0.6546215415000916,terrorist,1931-1950,SkipGram,7
occupation_authority,0.653626561164856,terrorist,1931-1950,SkipGram,8
bridle,0.6533007621765137,terrorist,1931-1950,SkipGram,9
army_sergeant,0.6495196223258972,terrorist,1931-1950,SkipGram,10
instigate,0.643616795539856,terrorist,1931-1950,SkipGram,11
terrorist_attack,0.6388519406318665,terrorist,1931-1950,SkipGram,12
banditry,0.6366289258003235,terrorist,1931-1950,SkipGram,13
illegal_possession,0.6301591992378235,terrorist,1931-1950,SkipGram,14
extremist_group,0.627675473690033,terrorist,1931-1950,SkipGram,15
retaliatory,0.6239012479782104,terrorist,1931-1950,SkipGram,16
spontaneous,0.6222018599510193,terrorist,1931-1950,SkipGram,17
abate,0.6218178868293762,terrorist,1931-1950,SkipGram,18
citizens_federation,0.6128914952278137,terrorist,1931-1950,SkipGram,19
instigator,0.610680341720581,terrorist,1931-1950,SkipGram,20
whispering,0.6074381470680237,terrorist,1931-1950,SkipGram,21
albion_ross,0.606895387172699,terrorist,1931-1950,SkipGram,22
erroneously,0.6065649390220642,terrorist,1931-1950,SkipGram,23
precaution_prevent,0.606484591960907,terrorist,1931-1950,SkipGram,24
disturber_peace,0.6061946153640747,terrorist,1931-1950,SkipGram,25
terrorists,0.8792322278022766,terrorism,1951-1960,CBOW,1
slay,0.8787052035331726,terrorism,1951-1960,CBOW,2
tear_gas,0.8712912201881409,terrorism,1951-1960,CBOW,3
lyons,0.871229887008667,terrorism,1951-1960,CBOW,4
irish,0.8712223172187805,terrorism,1951-1960,CBOW,5
kill_injure,0.870314359664917,terrorism,1951-1960,CBOW,6
historical_slain,0.8545274138450623,terrorism,1951-1960,CBOW,7
slain,0.8528546690940857,terrorism,1951-1960,CBOW,8
jakarta_indonesia,0.8516284227371216,terrorism,1951-1960,CBOW,9
burst,0.8510227203369141,terrorism,1951-1960,CBOW,10
violence_flare,0.8482990264892578,terrorism,1951-1960,CBOW,11
tear,0.8482194542884827,terrorism,1951-1960,CBOW,12
rioter,0.8438116312026978,terrorism,1951-1960,CBOW,13
outbreak_violence,0.842337965965271,terrorism,1951-1960,CBOW,14
mile_south,0.8418030738830566,terrorism,1951-1960,CBOW,15
miner,0.8408692479133606,terrorism,1951-1960,CBOW,16
bombing,0.8390554785728455,terrorism,1951-1960,CBOW,17
shoot_death,0.8388203382492065,terrorism,1951-1960,CBOW,18
assassin,0.8383113741874695,terrorism,1951-1960,CBOW,19
cameroon,0.8363014459609985,terrorism,1951-1960,CBOW,20
belfast,0.835993230342865,terrorism,1951-1960,CBOW,21
gas,0.8342574238777161,terrorism,1951-1960,CBOW,22
alert,0.8334992527961731,terrorism,1951-1960,CBOW,23
quiet,0.8284221291542053,terrorism,1951-1960,CBOW,24
assailant,0.825950562953949,terrorism,1951-1960,CBOW,25
terrorist_activity,0.7309499979019165,terrorist,1951-1960,CBOW,1
terrorist_organization,0.645222544670105,terrorist,1951-1960,CBOW,2
mount,0.6031177043914795,terrorist,1951-1960,CBOW,3
terror,0.598919153213501,terrorist,1951-1960,CBOW,4
security_force,0.5969071984291077,terrorist,1951-1960,CBOW,5
halt,0.5879096984863281,terrorist,1951-1960,CBOW,6
wave,0.5861263275146484,terrorist,1951-1960,CBOW,7
launch,0.5854502320289612,terrorist,1951-1960,CBOW,8
strife,0.5833910703659058,terrorist,1951-1960,CBOW,9
underground,0.5806604027748108,terrorist,1951-1960,CBOW,10
minor,0.5793746113777161,terrorist,1951-1960,CBOW,11
leaflet,0.57933509349823,terrorist,1951-1960,CBOW,12
extremist,0.579279363155365,terrorist,1951-1960,CBOW,13
outlaw,0.5734810829162598,terrorist,1951-1960,CBOW,14
flare,0.5732030868530273,terrorist,1951-1960,CBOW,15
irish_republican_army,0.5687447190284729,terrorist,1951-1960,CBOW,16
wipe,0.5658148527145386,terrorist,1951-1960,CBOW,17
inn_vein,0.5615589022636414,terrorist,1951-1960,CBOW,18
violence,0.5607271194458008,terrorist,1951-1960,CBOW,19
mass,0.5589897632598877,terrorist,1951-1960,CBOW,20
murder,0.5589789152145386,terrorist,1951-1960,CBOW,21
repression,0.5583374500274658,terrorist,1951-1960,CBOW,22
spread,0.5564131736755371,terrorist,1951-1960,CBOW,23
sabotage,0.5541133284568787,terrorist,1951-1960,CBOW,24
rival,0.553966760635376,terrorist,1951-1960,CBOW,25
terrorists,0.6316148042678833,terrorism,1951-1960,SkipGram,1
argentine,0.6279463171958923,terrorism,1951-1960,SkipGram,2
historical_slain,0.6018452048301697,terrorism,1951-1960,SkipGram,3
stern_measure,0.598076581954956,terrorism,1951-1960,SkipGram,4
bombing,0.5978256464004517,terrorism,1951-1960,SkipGram,5
services,0.5794284343719482,terrorism,1951-1960,SkipGram,6
anew,0.573771595954895,terrorism,1951-1960,SkipGram,7
armed_gang,0.570581316947937,terrorism,1951-1960,SkipGram,8
renew_violence,0.5697723031044006,terrorism,1951-1960,SkipGram,9
earning,0.5652870535850525,terrorism,1951-1960,SkipGram,10
jacksonville_la,0.5614048838615417,terrorism,1951-1960,SkipGram,11
burst,0.5545119047164917,terrorism,1951-1960,SkipGram,12
drive_mau_mau,0.5539342164993286,terrorism,1951-1960,SkipGram,13
killing,0.5530199408531189,terrorism,1951-1960,SkipGram,14
joseph_special_times_proquest,0.5458953380584717,terrorism,1951-1960,SkipGram,15
miami,0.5450165271759033,terrorism,1951-1960,SkipGram,16
historical_mau_mau,0.5446289777755737,terrorism,1951-1960,SkipGram,17
strike_paralyze,0.5444801449775696,terrorism,1951-1960,SkipGram,18
gas,0.5442270040512085,terrorism,1951-1960,SkipGram,19
severity,0.5434722900390625,terrorism,1951-1960,SkipGram,20
kenya,0.5434523224830627,terrorism,1951-1960,SkipGram,21
hart,0.5411574840545654,terrorism,1951-1960,SkipGram,22
violence_flare,0.5397641062736511,terrorism,1951-1960,SkipGram,23
henry_dig_proquest,0.5332356095314026,terrorism,1951-1960,SkipGram,24
bird,0.5310955047607422,terrorism,1951-1960,SkipGram,25
constabulary,0.6705718040466309,terrorist,1951-1960,SkipGram,1
policeman_soldier,0.6544950604438782,terrorist,1951-1960,SkipGram,2
kill_injure,0.6345204710960388,terrorist,1951-1960,SkipGram,3
activist,0.632384181022644,terrorist,1951-1960,SkipGram,4
outburst,0.6261801719665527,terrorist,1951-1960,SkipGram,5
exterminate,0.6225612759590149,terrorist,1951-1960,SkipGram,6
violence_flare,0.6167205572128296,terrorist,1951-1960,SkipGram,7
killing,0.6139658093452454,terrorist,1951-1960,SkipGram,8
guerrilla_activity,0.612713098526001,terrorist,1951-1960,SkipGram,9
armed_gang,0.6113324165344238,terrorist,1951-1960,SkipGram,10
terrorists,0.6088589429855347,terrorist,1951-1960,SkipGram,11
throw_grenade,0.6070318818092346,terrorist,1951-1960,SkipGram,12
rout,0.605241060256958,terrorist,1951-1960,SkipGram,13
civilians,0.6042079329490662,terrorist,1951-1960,SkipGram,14
historical_slain,0.6025930643081665,terrorist,1951-1960,SkipGram,15
underground_organization,0.6004213690757751,terrorist,1951-1960,SkipGram,16
hold_responsible,0.5996319651603699,terrorist,1951-1960,SkipGram,17
shoot_dead,0.598750114440918,terrorist,1951-1960,SkipGram,18
counterterrorist,0.597791314125061,terrorist,1951-1960,SkipGram,19
arrest_suspect,0.5949366092681885,terrorist,1951-1960,SkipGram,20
gun_battle,0.5938336849212646,terrorist,1951-1960,SkipGram,21
historical_mau_mau,0.5935031175613403,terrorist,1951-1960,SkipGram,22
antiterrorist_drive,0.5934926867485046,terrorist,1951-1960,SkipGram,23
loot,0.593085765838623,terrorist,1951-1960,SkipGram,24
stern_measure,0.5920201539993286,terrorist,1951-1960,SkipGram,25
special_dig_proquest,0.6780624985694885,terrorism,1961-1980,CBOW,1
robert_times_rep,0.6291248798370361,terrorism,1961-1980,CBOW,2
pact,0.5846333503723145,terrorism,1961-1980,CBOW,3
juan_special_times_dig,0.5808767080307007,terrorism,1961-1980,CBOW,4
wave_violence,0.5792574286460876,terrorism,1961-1980,CBOW,5
mideast,0.5722132921218872,terrorism,1961-1980,CBOW,6
castro,0.5577114224433899,terrorism,1961-1980,CBOW,7
strife,0.5466374754905701,terrorism,1961-1980,CBOW,8
bombing,0.5405789613723755,terrorism,1961-1980,CBOW,9
jews,0.5358906388282776,terrorism,1961-1980,CBOW,10
hijack,0.5272587537765503,terrorism,1961-1980,CBOW,11
hoover,0.5261155366897583,terrorism,1961-1980,CBOW,12
pretoria_south_africa,0.5236466526985168,terrorism,1961-1980,CBOW,13
peril,0.522631049156189,terrorism,1961-1980,CBOW,14
feud,0.5196506381034851,terrorism,1961-1980,CBOW,15
oran,0.519132137298584,terrorism,1961-1980,CBOW,16
bernard_proquest_historical,0.5164326429367065,terrorism,1961-1980,CBOW,17
basque,0.5125008225440979,terrorism,1961-1980,CBOW,18
christopher_wren_special_times,0.5106781721115112,terrorism,1961-1980,CBOW,19
soup,0.5057563185691833,terrorism,1961-1980,CBOW,20
jonathan_special_times,0.5051077008247375,terrorism,1961-1980,CBOW,21
yugoslavia,0.5046783685684204,terrorism,1961-1980,CBOW,22
historical_comb,0.5036287903785706,terrorism,1961-1980,CBOW,23
rome,0.5031212568283081,terrorism,1961-1980,CBOW,24
terror,0.5028195977210999,terrorism,1961-1980,CBOW,25
terrorist_activity,0.6761006712913513,terrorist,1961-1980,CBOW,1
terrorist_organization,0.6590896844863892,terrorist,1961-1980,CBOW,2
terror,0.6286154985427856,terrorist,1961-1980,CBOW,3
urban_guerrilla,0.5943087339401245,terrorist,1961-1980,CBOW,4
urban_guerrillas,0.5862153172492981,terrorist,1961-1980,CBOW,5
extremist,0.5818222165107727,terrorist,1961-1980,CBOW,6
terrorist_attack,0.5794968605041504,terrorist,1961-1980,CBOW,7
extremist_group,0.5368959307670593,terrorist,1961-1980,CBOW,8
kidnap_murder,0.5243769884109497,terrorist,1961-1980,CBOW,9
airline_hijacking,0.5108492970466614,terrorist,1961-1980,CBOW,10
underground_organization,0.5095085501670837,terrorist,1961-1980,CBOW,11
counterterror,0.5075580477714539,terrorist,1961-1980,CBOW,12
oil_installation,0.502553403377533,terrorist,1961-1980,CBOW,13
hijacking,0.5023921132087708,terrorist,1961-1980,CBOW,14
japanese_red_army,0.4984789192676544,terrorist,1961-1980,CBOW,15
guerrilla,0.49670183658599854,terrorist,1961-1980,CBOW,16
red_army,0.4945771396160126,terrorist,1961-1980,CBOW,17
accomplice,0.4933984875679016,terrorist,1961-1980,CBOW,18
publicize,0.49294033646583557,terrorist,1961-1980,CBOW,19
hacking,0.4914764165878296,terrorist,1961-1980,CBOW,20
ringleader,0.48388925194740295,terrorist,1961-1980,CBOW,21
red_army_traction,0.4785473942756653,terrorist,1961-1980,CBOW,22
oppressive_measure,0.47144895792007446,terrorist,1961-1980,CBOW,23
sabotage,0.4693407118320465,terrorist,1961-1980,CBOW,24
red_brigade_italy,0.4662975072860718,terrorist,1961-1980,CBOW,25
hoover,0.6735892295837402,terrorism,1961-1980,SkipGram,1
proquest_historical_kill,0.5256150960922241,terrorism,1961-1980,SkipGram,2
buenos_air_dig,0.5240592360496521,terrorism,1961-1980,SkipGram,3
israeli_jet,0.5061088800430298,terrorism,1961-1980,SkipGram,4
clashes,0.5044253468513489,terrorism,1961-1980,SkipGram,5
robert_times_rep,0.5043544173240662,terrorism,1961-1980,SkipGram,6
yugoslavia,0.5017039775848389,terrorism,1961-1980,SkipGram,7
arabs,0.4994087815284729,terrorism,1961-1980,SkipGram,8
pact,0.49796947836875916,terrorism,1961-1980,SkipGram,9
historical_comb,0.4978926181793213,terrorism,1961-1980,SkipGram,10
johannesburg_south,0.492232084274292,terrorism,1961-1980,SkipGram,11
bad_feeling,0.49128249287605286,terrorism,1961-1980,SkipGram,12
mideast,0.4894152283668518,terrorism,1961-1980,SkipGram,13
attacks,0.48935696482658386,terrorism,1961-1980,SkipGram,14
terror,0.4893120527267456,terrorism,1961-1980,SkipGram,15
historical_caracas,0.48879221081733704,terrorism,1961-1980,SkipGram,16
james_times_proquest,0.48547735810279846,terrorism,1961-1980,SkipGram,17
bahama,0.47802603244781494,terrorism,1961-1980,SkipGram,18
cape_town,0.47741690278053284,terrorism,1961-1980,SkipGram,19
special_oran,0.47730502486228943,terrorism,1961-1980,SkipGram,20
charle_proquest_historical,0.47646594047546387,terrorism,1961-1980,SkipGram,21
roe_historical_times,0.4763107895851135,terrorism,1961-1980,SkipGram,22
stir_unrest,0.47624292969703674,terrorism,1961-1980,SkipGram,23
trial_adjourn,0.47580811381340027,terrorism,1961-1980,SkipGram,24
annex_territory,0.47376394271850586,terrorism,1961-1980,SkipGram,25
west_german_embassy_stockholm,0.7311481237411499,terrorist,1961-1980,SkipGram,1
red_army_traction,0.7142415046691895,terrorist,1961-1980,SkipGram,2
plane_hijacking,0.6980127692222595,terrorist,1961-1980,SkipGram,3
axe,0.6790953874588013,terrorist,1961-1980,SkipGram,4
employers_association,0.6781283020973206,terrorist,1961-1980,SkipGram,5
banker_onto,0.6729826331138611,terrorist,1961-1980,SkipGram,6
hijacking_sabotage,0.6715889573097229,terrorist,1961-1980,SkipGram,7
terrorist_organization,0.6705994009971619,terrorist,1961-1980,SkipGram,8
murderous_assault,0.669142484664917,terrorist,1961-1980,SkipGram,9
kidnapping_slay,0.6680856347084045,terrorist,1961-1980,SkipGram,10
punish_severely,0.6651167273521423,terrorist,1961-1980,SkipGram,11
yugoslavia,0.6643072366714478,terrorist,1961-1980,SkipGram,12
team_olympics,0.6628154516220093,terrorist,1961-1980,SkipGram,13
refuse_bargain,0.6619638204574585,terrorist,1961-1980,SkipGram,14
red_brigade_italy,0.6610854864120483,terrorist,1961-1980,SkipGram,15
leftwe_terrorist,0.657321572303772,terrorist,1961-1980,SkipGram,16
guerrillas_guerrillas,0.6564190983772278,terrorist,1961-1980,SkipGram,17
gang_undress,0.6563531756401062,terrorist,1961-1980,SkipGram,18
stuttgart_prison,0.6560918688774109,terrorist,1961-1980,SkipGram,19
terrorist_activity,0.6557663679122925,terrorist,1961-1980,SkipGram,20
terror,0.6508060693740845,terrorist,1961-1980,SkipGram,21
remain_unknown,0.649994969367981,terrorist,1961-1980,SkipGram,22
urban_guerrillas,0.6497519612312317,terrorist,1961-1980,SkipGram,23
commandeer_airline,0.6495975852012634,terrorist,1961-1980,SkipGram,24
outrage_commit,0.6480115056037903,terrorist,1961-1980,SkipGram,25
international_terrorism,0.6950216293334961,terrorism,1981-20010910,CBOW,1
terror,0.6445010900497437,terrorism,1981-20010910,CBOW,2
terrorist_activity,0.5361874103546143,terrorism,1981-20010910,CBOW,3
sponsor_terrorism,0.5239084362983704,terrorism,1981-20010910,CBOW,4
act_terrorism,0.51277095079422,terrorism,1981-20010910,CBOW,5
combat_terrorism,0.4448448717594147,terrorism,1981-20010910,CBOW,6
fight_terrorism,0.44152432680130005,terrorism,1981-20010910,CBOW,7
terrorist,0.43141451478004456,terrorism,1981-20010910,CBOW,8
subversion,0.4299909174442291,terrorism,1981-20010910,CBOW,9
violence,0.42266586422920227,terrorism,1981-20010910,CBOW,10
terrorist_attack,0.42208704352378845,terrorism,1981-20010910,CBOW,11
terrorist_organization,0.4032280147075653,terrorism,1981-20010910,CBOW,12
act_violence,0.3980492055416107,terrorism,1981-20010910,CBOW,13
blackmail,0.39153382182121277,terrorism,1981-20010910,CBOW,14
subversion_terrorism,0.3840937912464142,terrorism,1981-20010910,CBOW,15
crime,0.37797021865844727,terrorism,1981-20010910,CBOW,16
aggression,0.3754875659942627,terrorism,1981-20010910,CBOW,17
jury_tamper,0.36890336871147156,terrorism,1981-20010910,CBOW,18
tough_measure,0.36831581592559814,terrorism,1981-20010910,CBOW,19
specifically,0.3658623695373535,terrorism,1981-20010910,CBOW,20
violent_act,0.36513689160346985,terrorism,1981-20010910,CBOW,21
global_terrorism,0.3603130578994751,terrorism,1981-20010910,CBOW,22
apprehension_prosecution,0.3600057065486908,terrorism,1981-20010910,CBOW,23
international_cooperation,0.35817950963974,terrorism,1981-20010910,CBOW,24
abhorrent,0.3579389154911041,terrorism,1981-20010910,CBOW,25
terrorist_organization,0.6218549609184265,terrorist,1981-20010910,CBOW,1
terrorist_activity,0.5584683418273926,terrorist,1981-20010910,CBOW,2
terrorist_attack,0.5343745350837708,terrorist,1981-20010910,CBOW,3
terror,0.5299956798553467,terrorist,1981-20010910,CBOW,4
extremist,0.5102152824401855,terrorist,1981-20010910,CBOW,5
act_terrorism,0.5021234750747681,terrorist,1981-20010910,CBOW,6
islamic_extremist,0.4789865016937256,terrorist,1981-20010910,CBOW,7
terrorist_network,0.4762386083602905,terrorist,1981-20010910,CBOW,8
terrorist_cell,0.4728548526763916,terrorist,1981-20010910,CBOW,9
terrorists,0.46844953298568726,terrorist,1981-20010910,CBOW,10
extremist_group,0.4673699140548706,terrorist,1981-20010910,CBOW,11
islamic_militant,0.45725929737091064,terrorist,1981-20010910,CBOW,12
terrorism,0.43141448497772217,terrorist,1981-20010910,CBOW,13
international_terrorism,0.42393094301223755,terrorist,1981-20010910,CBOW,14
militant_group,0.4198625385761261,terrorist,1981-20010910,CBOW,15
terrorism_suspect,0.412273645401001,terrorist,1981-20010910,CBOW,16
militant,0.41170138120651245,terrorist,1981-20010910,CBOW,17
blackmail,0.40992414951324463,terrorist,1981-20010910,CBOW,18
purportedly,0.40882477164268494,terrorist,1981-20010910,CBOW,19
urban_guerrilla,0.407429039478302,terrorist,1981-20010910,CBOW,20
sikh_riot,0.4073079824447632,terrorist,1981-20010910,CBOW,21
mohammed_rashid,0.4067273736000061,terrorist,1981-20010910,CBOW,22
suicide_bomber,0.40649479627609253,terrorist,1981-20010910,CBOW,23
mass_murder,0.40444687008857727,terrorist,1981-20010910,CBOW,24
terror_attack,0.40423402190208435,terrorist,1981-20010910,CBOW,25
international_terrorism,0.6466983556747437,terrorism,1981-20010910,SkipGram,1
terror,0.589298665523529,terrorism,1981-20010910,SkipGram,2
combat_terrorism,0.5538241863250732,terrorism,1981-20010910,SkipGram,3
act_terrorism,0.5366687774658203,terrorism,1981-20010910,SkipGram,4
eradicate_terrorism,0.5353584289550781,terrorism,1981-20010910,SkipGram,5
unequivocally_firmly,0.5320591926574707,terrorism,1981-20010910,SkipGram,6
terrorist,0.5238496661186218,terrorism,1981-20010910,SkipGram,7
environmental_degradation,0.5174744725227356,terrorism,1981-20010910,SkipGram,8
international_drug_trafficking,0.5156548619270325,terrorism,1981-20010910,SkipGram,9
apprehend_prosecute,0.5149499177932739,terrorism,1981-20010910,SkipGram,10
fight_terrorism,0.5127592086791992,terrorism,1981-20010910,SkipGram,11
terrorist_activity,0.5117930173873901,terrorism,1981-20010910,SkipGram,12
sponsor_terrorism,0.5095205307006836,terrorism,1981-20010910,SkipGram,13
aircraft_hijacking,0.5064860582351685,terrorism,1981-20010910,SkipGram,14
strongly_reaffirm,0.5055525302886963,terrorism,1981-20010910,SkipGram,15
match_deed,0.503944993019104,terrorism,1981-20010910,SkipGram,16
counteraction,0.5018076300621033,terrorism,1981-20010910,SkipGram,17
terrorist_attack,0.5000969171524048,terrorism,1981-20010910,SkipGram,18
express_determination,0.49989649653434753,terrorism,1981-20010910,SkipGram,19
presence_saudi_arabia,0.49796703457832336,terrorism,1981-20010910,SkipGram,20
mad_dog_middle_east,0.49672189354896545,terrorism,1981-20010910,SkipGram,21
spectacular_act,0.49499815702438354,terrorism,1981-20010910,SkipGram,22
subversion_terrorism,0.49471887946128845,terrorism,1981-20010910,SkipGram,23
anxious_avoid,0.49469658732414246,terrorism,1981-20010910,SkipGram,24
politically_inspire,0.4938857853412628,terrorism,1981-20010910,SkipGram,25
terrorist_organization,0.6176720857620239,terrorist,1981-20010910,SkipGram,1
horrible_massacre,0.6068822145462036,terrorist,1981-20010910,SkipGram,2
stage_spectacular,0.5974432826042175,terrorist,1981-20010910,SkipGram,3
assassination_kidnapping,0.5940316319465637,terrorist,1981-20010910,SkipGram,4
commando_team,0.5920345187187195,terrorist,1981-20010910,SkipGram,5
west_germany_red_brigades,0.5873925089836121,terrorist,1981-20010910,SkipGram,6
club_naple,0.5859853029251099,terrorist,1981-20010910,SkipGram,7
terrorist_attack,0.5833807587623596,terrorist,1981-20010910,SkipGram,8
georges_chairman_renault,0.583186686038971,terrorist,1981-20010910,SkipGram,9
barbarous_act,0.5808750987052917,terrorist,1981-20010910,SkipGram,10
apprehend_prosecute,0.5787675380706787,terrorist,1981-20010910,SkipGram,11
arresting,0.5778459906578064,terrorist,1981-20010910,SkipGram,12
describe_mastermind,0.5765911340713501,terrorist,1981-20010910,SkipGram,13
terrorists,0.5755109190940857,terrorist,1981-20010910,SkipGram,14
tamil_riot,0.574360191822052,terrorist,1981-20010910,SkipGram,15
string_killing,0.5725253224372864,terrorist,1981-20010910,SkipGram,16
killing_kidnapping,0.5721801519393921,terrorist,1981-20010910,SkipGram,17
widespread_revulsion,0.571037232875824,terrorist,1981-20010910,SkipGram,18
vienna_austrian,0.570585310459137,terrorist,1981-20010910,SkipGram,19
mohammed_rashid,0.570428192615509,terrorist,1981-20010910,SkipGram,20
purport_role,0.5687782168388367,terrorist,1981-20010910,SkipGram,21
red_brigade_italy,0.5668131709098816,terrorist,1981-20010910,SkipGram,22
attack_american_targets,0.5657272338867188,terrorist,1981-20010910,SkipGram,23
americans_american_installations,0.5647242665290833,terrorist,1981-20010910,SkipGram,24
convict_planting,0.5644128322601318,terrorist,1981-20010910,SkipGram,25
terror,0.642099142074585,terrorism,20010911-2019,CBOW,1
global_terrorism,0.6177647113800049,terrorism,20010911-2019,CBOW,2
international_terrorism,0.5885310769081116,terrorism,20010911-2019,CBOW,3
fight_terrorism,0.5478758811950684,terrorism,20010911-2019,CBOW,4
war_terror,0.48503991961479187,terrorism,20010911-2019,CBOW,5
combat_terrorism,0.4697265028953552,terrorism,20010911-2019,CBOW,6
terrorist,0.45637065172195435,terrorism,20010911-2019,CBOW,7
terrorist_activity,0.4513108730316162,terrorism,20010911-2019,CBOW,8
act_terrorism,0.43969157338142395,terrorism,20010911-2019,CBOW,9
terrorism_extremism,0.42114701867103577,terrorism,20010911-2019,CBOW,10
homegrown_terrorist,0.4143332242965698,terrorism,20010911-2019,CBOW,11
extremism,0.40759748220443726,terrorism,20010911-2019,CBOW,12
terror_network,0.40707626938819885,terrorism,20010911-2019,CBOW,13
counter_terrorism,0.39809295535087585,terrorism,20010911-2019,CBOW,14
terrorist_network,0.3883337080478668,terrorism,20010911-2019,CBOW,15
islamic_extremism,0.3876427412033081,terrorism,20010911-2019,CBOW,16
terror_attack,0.3822569251060486,terrorism,20010911-2019,CBOW,17
counterterrorism,0.37649810314178467,terrorism,20010911-2019,CBOW,18
vestige_cold,0.3763870596885681,terrorism,20010911-2019,CBOW,19
radical_islam,0.3713897466659546,terrorism,20010911-2019,CBOW,20
criminal_act,0.3673880100250244,terrorism,20010911-2019,CBOW,21
global_war_terror,0.3668154180049896,terrorism,20010911-2019,CBOW,22
anti_terrorism,0.36532849073410034,terrorism,20010911-2019,CBOW,23
islamic_extremist,0.36522191762924194,terrorism,20010911-2019,CBOW,24
jihad_holy,0.3607988953590393,terrorism,20010911-2019,CBOW,25
terror,0.6391423940658569,terrorist,20010911-2019,CBOW,1
terrorist_organization,0.6187840104103088,terrorist,20010911-2019,CBOW,2
terrorist_network,0.6015447378158569,terrorist,20010911-2019,CBOW,3
terror_network,0.5734191536903381,terrorist,20010911-2019,CBOW,4
terrorist_activity,0.5626867413520813,terrorist,20010911-2019,CBOW,5
terrorist_cell,0.5547060966491699,terrorist,20010911-2019,CBOW,6
islamic_extremist,0.5216287970542908,terrorist,20010911-2019,CBOW,7
extremist,0.5149402618408203,terrorist,20010911-2019,CBOW,8
international_terrorism,0.5083460211753845,terrorist,20010911-2019,CBOW,9
homegrown_terrorist,0.4716954231262207,terrorist,20010911-2019,CBOW,10
terrorists,0.47014570236206055,terrorist,20010911-2019,CBOW,11
enemy,0.46042346954345703,terrorist,20010911-2019,CBOW,12
al_qaeda_network,0.45982688665390015,terrorist,20010911-2019,CBOW,13
islamic_militant,0.459404319524765,terrorist,20010911-2019,CBOW,14
terrorism,0.45637062191963196,terrorist,20010911-2019,CBOW,15
perpetrator,0.45539677143096924,terrorist,20010911-2019,CBOW,16
global_terrorism,0.4443833529949188,terrorist,20010911-2019,CBOW,17
muslim_extremist,0.444355309009552,terrorist,20010911-2019,CBOW,18
bin_laden_network,0.4442947804927826,terrorist,20010911-2019,CBOW,19
terror_attack,0.44407984614372253,terrorist,20010911-2019,CBOW,20
islamic_radical,0.4440309405326843,terrorist,20010911-2019,CBOW,21
aryan,0.44401317834854126,terrorist,20010911-2019,CBOW,22
act_terrorism,0.4356411397457123,terrorist,20010911-2019,CBOW,23
detect_disrupt,0.4346057176589966,terrorist,20010911-2019,CBOW,24
al_qaeda,0.4331457316875458,terrorist,20010911-2019,CBOW,25
terror,0.6656318306922913,terrorism,20010911-2019,SkipGram,1
terrorist,0.5939980149269104,terrorism,20010911-2019,SkipGram,2
international_terrorism,0.5802314877510071,terrorism,20010911-2019,SkipGram,3
fight_terrorism,0.5616101026535034,terrorism,20010911-2019,SkipGram,4
preserve_flexibility,0.5570487976074219,terrorism,20010911-2019,SkipGram,5
explain_understood,0.5454325675964355,terrorism,20010911-2019,SkipGram,6
unnecessary_costly,0.5353415012359619,terrorism,20010911-2019,SkipGram,7
global_terrorism,0.5211174488067627,terrorism,20010911-2019,SkipGram,8
compile_interagency,0.5188122987747192,terrorism,20010911-2019,SkipGram,9
considerable_difficulty,0.5144062638282776,terrorism,20010911-2019,SkipGram,10
ed_republican_strategist,0.510522186756134,terrorism,20010911-2019,SkipGram,11
linchpin_effort,0.5095563530921936,terrorism,20010911-2019,SkipGram,12
criticize_imprecise_speculative,0.5088974833488464,terrorism,20010911-2019,SkipGram,13
undermine_ongoing,0.5085240006446838,terrorism,20010911-2019,SkipGram,14
terror_attack,0.5084898471832275,terrorism,20010911-2019,SkipGram,15
major_restructuring,0.4991788864135742,terrorism,20010911-2019,SkipGram,16
danger_inaction,0.496164470911026,terrorism,20010911-2019,SkipGram,17
integral_part_broad,0.4940156042575836,terrorism,20010911-2019,SkipGram,18
consume_energy,0.4937359392642975,terrorism,20010911-2019,SkipGram,19
bid_salvage,0.49120423197746277,terrorism,20010911-2019,SkipGram,20
profound_diversion,0.4907071590423584,terrorism,20010911-2019,SkipGram,21
effectively_counter,0.4905448853969574,terrorism,20010911-2019,SkipGram,22
antiterrorism_strategy,0.4875486195087433,terrorism,20010911-2019,SkipGram,23
iraq_detract,0.4874453544616699,terrorism,20010911-2019,SkipGram,24
bold_stroke,0.48735877871513367,terrorism,20010911-2019,SkipGram,25
terror,0.6748372316360474,terrorist,20010911-2019,SkipGram,1
terrorism,0.5939980149269104,terrorist,20010911-2019,SkipGram,2
homegrown_extremist,0.5898070931434631,terrorist,20010911-2019,SkipGram,3
wherever_hide,0.5676146149635315,terrorist,20010911-2019,SkipGram,4
administration_evidence_scanty,0.5669702291488647,terrorist,20010911-2019,SkipGram,5
al_qaeda,0.5634211897850037,terrorist,20010911-2019,SkipGram,6
terrorist_network,0.5622610449790955,terrorist,20010911-2019,SkipGram,7
tobe,0.5616511702537537,terrorist,20010911-2019,SkipGram,8
prudent_step,0.5564432740211487,terrorist,20010911-2019,SkipGram,9
trove_information,0.555877685546875,terrorist,20010911-2019,SkipGram,10
aryan,0.5547938942909241,terrorist,20010911-2019,SkipGram,11
associated_al_qaeda,0.5542795658111572,terrorist,20010911-2019,SkipGram,12
gravest_danger,0.552093505859375,terrorist,20010911-2019,SkipGram,13
brutalize_torture,0.5490908026695251,terrorist,20010911-2019,SkipGram,14
requirement_collector,0.5476807355880737,terrorist,20010911-2019,SkipGram,15
cold_blood_killer,0.5470633506774902,terrorist,20010911-2019,SkipGram,16
terror_network,0.5449074506759644,terrorist,20010911-2019,SkipGram,17
plot_al_qaeda,0.5424083471298218,terrorist,20010911-2019,SkipGram,18
sleeper_agent,0.53940349817276,terrorist,20010911-2019,SkipGram,19
finance_al_qaeda,0.5381925702095032,terrorist,20010911-2019,SkipGram,20
sustain_systematic,0.5381216406822205,terrorist,20010911-2019,SkipGram,21
shopping_center_supermarket,0.5362823009490967,terrorist,20010911-2019,SkipGram,22
lone_extremist,0.5356820821762085,terrorist,20010911-2019,SkipGram,23
bly_oregon,0.5347100496292114,terrorist,20010911-2019,SkipGram,24
keenly_interested,0.5346981883049011,terrorist,20010911-2019,SkipGram,25
